nom,cognoms,curs,email,contrasenya,email,contrasenya
Nuria,Colom Bosch,3rESO,nuria.colombosch@insgabrielamistral.cat,JRjj&&v=/_,nuria.colombosch@insgabrielamistral.cat,JRjj&&v=/_
Anna,Sanchez Prat,1rESO,anna.sanchezprat@insgabrielamistral.cat,Lsf4uh]v1:,anna.sanchezprat@insgabrielamistral.cat,Lsf4uh]v1:
Marta,Torres Costa,2nESO,marta.torrescosta@insgabrielamistral.cat,];PHrxl>F=,marta.torrescosta@insgabrielamistral.cat,];PHrxl>F=
Maria,Colom Torres,DAM1,maria.colomtorres@insgabrielamistral.cat,{g&GS{Vf=K,maria.colomtorres@insgabrielamistral.cat,{g&GS{Vf=K
Josep,Torres Colom,SMIX1A,josep.torrescolom@insgabrielamistral.cat,ImK>!/'e[!,josep.torrescolom@insgabrielamistral.cat,ImK>!/'e[!
Mireia,Garcia Vidal,ASIX2,mireia.garciavidal@insgabrielamistral.cat,VB5l;\Gx(E,mireia.garciavidal@insgabrielamistral.cat,VB5l;\Gx(E
Sandra,Sanchez Martínez,4rtESO,sandra.sanchezmartínez@insgabrielamistral.cat,",P?4krH=^Z",sandra.sanchezmartínez@insgabrielamistral.cat,",P?4krH=^Z"
Josep,Sanchez Sanchez,3rESO,josep.sanchezsanchez@insgabrielamistral.cat,"""J=-xx'[pP",josep.sanchezsanchez@insgabrielamistral.cat,"""J=-xx'[pP"
Josep,Bosch Navarro,2nESO,josep.boschnavarro@insgabrielamistral.cat,Xf3t]D_p>Q,josep.boschnavarro@insgabrielamistral.cat,Xf3t]D_p>Q
Anna,López Morales,4rtESO,anna.lópezmorales@insgabrielamistral.cat,d'&HtVxw};,anna.lópezmorales@insgabrielamistral.cat,d'&HtVxw};
Joan,Sanchez Prat,SMIX1B,joan.sanchezprat@insgabrielamistral.cat,~*RwRtKqpq,joan.sanchezprat@insgabrielamistral.cat,~*RwRtKqpq
Joan,Vidal Prat,DAM2,joan.vidalprat@insgabrielamistral.cat,byS8KAQ<;O,joan.vidalprat@insgabrielamistral.cat,byS8KAQ<;O
Sandra,Mas Navarro,SMIX1B,sandra.masnavarro@insgabrielamistral.cat,@1+YxALwQ$,sandra.masnavarro@insgabrielamistral.cat,@1+YxALwQ$
Clara,Ribas Mas,2nESO,clara.ribasmas@insgabrielamistral.cat,e-Qrb;A]YV,clara.ribasmas@insgabrielamistral.cat,e-Qrb;A]YV
David,Gomez Morales,DAM1,david.gomezmorales@insgabrielamistral.cat,&WGts;Pfh1,david.gomezmorales@insgabrielamistral.cat,&WGts;Pfh1
Anna,Torres Ferrer,4rtESO,anna.torresferrer@insgabrielamistral.cat,?{+~/QBYry,anna.torresferrer@insgabrielamistral.cat,?{+~/QBYry
Clara,Ribas Torres,ASIX1,clara.ribastorres@insgabrielamistral.cat,%:[/Yg7ly?,clara.ribastorres@insgabrielamistral.cat,%:[/Yg7ly?
Sergi,Martínez Torres,2nESO,sergi.martíneztorres@insgabrielamistral.cat,{mSWQ/&\r3,sergi.martíneztorres@insgabrielamistral.cat,{mSWQ/&\r3
Josep,Ribas López,4rtESO,josep.ribaslópez@insgabrielamistral.cat,`1HccMxYC3,josep.ribaslópez@insgabrielamistral.cat,`1HccMxYC3
Albert,Gomez Martínez,2nESO,albert.gomezmartínez@insgabrielamistral.cat,5&cyy2SMaw,albert.gomezmartínez@insgabrielamistral.cat,5&cyy2SMaw
David,Colom Costa,3rESO,david.colomcosta@insgabrielamistral.cat,uAg{Ee&tRk,david.colomcosta@insgabrielamistral.cat,uAg{Ee&tRk
Laura,Morales Garcia,ASIX1,laura.moralesgarcia@insgabrielamistral.cat,I60j!+gM)a,laura.moralesgarcia@insgabrielamistral.cat,I60j!+gM)a
Carles,Sanchez Colom,DAM1,carles.sanchezcolom@insgabrielamistral.cat,$1:l)J4+gZ,carles.sanchezcolom@insgabrielamistral.cat,$1:l)J4+gZ
Josep,Colom Mas,DAM1,josep.colommas@insgabrielamistral.cat,4uH0$A$}DS,josep.colommas@insgabrielamistral.cat,4uH0$A$}DS
Nuria,López Garcia,2nESO,nuria.lópezgarcia@insgabrielamistral.cat,~|XNs.JQtO,nuria.lópezgarcia@insgabrielamistral.cat,~|XNs.JQtO
Marc,Prat López,DAM1,marc.pratlópez@insgabrielamistral.cat,"/.wVI""RNHd",marc.pratlópez@insgabrielamistral.cat,"/.wVI""RNHd"
Mireia,Morales Garcia,ASIX1,mireia.moralesgarcia@insgabrielamistral.cat,"IwX,6ot:x?",mireia.moralesgarcia@insgabrielamistral.cat,"IwX,6ot:x?"
Maria,López Ferrer,DAM1,maria.lópezferrer@insgabrielamistral.cat,Z}AzAZWS[B,maria.lópezferrer@insgabrielamistral.cat,Z}AzAZWS[B
Josep,Sanchez Morales,DAM1,josep.sanchezmorales@insgabrielamistral.cat,C({$^|+p2%,josep.sanchezmorales@insgabrielamistral.cat,C({$^|+p2%
David,Torres Sanchez,1rESO,david.torressanchez@insgabrielamistral.cat,"VE3_k*f,h|",david.torressanchez@insgabrielamistral.cat,"VE3_k*f,h|"
David,Sanchez Colom,1rESO,david.sanchezcolom@insgabrielamistral.cat,"UWQYsD3Ta,",david.sanchezcolom@insgabrielamistral.cat,"UWQYsD3Ta,"
Laura,Torres Prat,SMIX1B,laura.torresprat@insgabrielamistral.cat,"06ZB[bJ,@.",laura.torresprat@insgabrielamistral.cat,"06ZB[bJ,@."
Laura,Garcia Colom,ASIX1,laura.garciacolom@insgabrielamistral.cat,c(4(#.&9Z:,laura.garciacolom@insgabrielamistral.cat,c(4(#.&9Z:
Jordi,Morales Ferrer,3rESO,jordi.moralesferrer@insgabrielamistral.cat,ty7MYMmX2],jordi.moralesferrer@insgabrielamistral.cat,ty7MYMmX2]
Nuria,Vidal Navarro,ASIX1,nuria.vidalnavarro@insgabrielamistral.cat,V}C:>]Y1Cn,nuria.vidalnavarro@insgabrielamistral.cat,V}C:>]Y1Cn
Sergi,Costa López,4rtESO,sergi.costalópez@insgabrielamistral.cat,2W{encY^C-,sergi.costalópez@insgabrielamistral.cat,2W{encY^C-
Josep,Navarro Martínez,SMIX1A,josep.navarromartínez@insgabrielamistral.cat,#A#WToVl51,josep.navarromartínez@insgabrielamistral.cat,#A#WToVl51
Anna,Sanchez Martínez,ASIX2,anna.sanchezmartínez@insgabrielamistral.cat,"<79a!2e-""b",anna.sanchezmartínez@insgabrielamistral.cat,"<79a!2e-""b"
Laura,Garcia Bosch,DAM1,laura.garciabosch@insgabrielamistral.cat,AcQf(H[Q?&,laura.garciabosch@insgabrielamistral.cat,AcQf(H[Q?&
Marta,Bosch Prat,3rESO,marta.boschprat@insgabrielamistral.cat,#[7]<:x1Qy,marta.boschprat@insgabrielamistral.cat,#[7]<:x1Qy
Josep,Morales Gomez,SMIX1A,josep.moralesgomez@insgabrielamistral.cat,6n_&Qz-!!z,josep.moralesgomez@insgabrielamistral.cat,6n_&Qz-!!z
Nuria,Vidal López,DAM2,nuria.vidallópez@insgabrielamistral.cat,"9QpQ'FD""nf",nuria.vidallópez@insgabrielamistral.cat,"9QpQ'FD""nf"
Mireia,Navarro López,ASIX1,mireia.navarrolópez@insgabrielamistral.cat,MJvPg}\~+q,mireia.navarrolópez@insgabrielamistral.cat,MJvPg}\~+q
Carles,Colom Vidal,1rESO,carles.colomvidal@insgabrielamistral.cat,f%j_R'hE9-,carles.colomvidal@insgabrielamistral.cat,f%j_R'hE9-
Albert,Torres Vidal,2nESO,albert.torresvidal@insgabrielamistral.cat,/*31?bWFCY,albert.torresvidal@insgabrielamistral.cat,/*31?bWFCY
Albert,Bosch Bosch,2nESO,albert.boschbosch@insgabrielamistral.cat,"qX[X""aw%00",albert.boschbosch@insgabrielamistral.cat,"qX[X""aw%00"
Carles,Ferrer Morales,1rESO,carles.ferrermorales@insgabrielamistral.cat,$ulKw<ZdVy,carles.ferrermorales@insgabrielamistral.cat,$ulKw<ZdVy
Albert,Mas Gomez,DAM2,albert.masgomez@insgabrielamistral.cat,X}0s(/G?Y%,albert.masgomez@insgabrielamistral.cat,X}0s(/G?Y%
Mireia,Navarro Vidal,ASIX2,mireia.navarrovidal@insgabrielamistral.cat,|uXt-Z$=\v,mireia.navarrovidal@insgabrielamistral.cat,|uXt-Z$=\v
Marta,Morales Colom,3rESO,marta.moralescolom@insgabrielamistral.cat,"]h(eE+""'J`",marta.moralescolom@insgabrielamistral.cat,"]h(eE+""'J`"
David,Ferrer Sanchez,DAM2,david.ferrersanchez@insgabrielamistral.cat,TgGS=E><-5,david.ferrersanchez@insgabrielamistral.cat,TgGS=E><-5
Josep,Vidal Sanchez,3rESO,josep.vidalsanchez@insgabrielamistral.cat,vt)I1W<KoW,josep.vidalsanchez@insgabrielamistral.cat,vt)I1W<KoW
Marta,Vidal Morales,DAM1,marta.vidalmorales@insgabrielamistral.cat,"""Xz}L{Kxa'",marta.vidalmorales@insgabrielamistral.cat,"""Xz}L{Kxa'"
Sandra,Costa Ribas,DAM1,sandra.costaribas@insgabrielamistral.cat,"""}mN<'iR5+",sandra.costaribas@insgabrielamistral.cat,"""}mN<'iR5+"
Jordi,Ferrer Ribas,ASIX1,jordi.ferrerribas@insgabrielamistral.cat,@_Aj80X8W=,jordi.ferrerribas@insgabrielamistral.cat,@_Aj80X8W=
Jordi,Ferrer Prat,3rESO,jordi.ferrerprat@insgabrielamistral.cat,iAD[agG}YY,jordi.ferrerprat@insgabrielamistral.cat,iAD[agG}YY
Sandra,Prat Martínez,ASIX1,sandra.pratmartínez@insgabrielamistral.cat,\~/3&ILk>z,sandra.pratmartínez@insgabrielamistral.cat,\~/3&ILk>z
Clara,Colom Martínez,SMIX1B,clara.colommartínez@insgabrielamistral.cat,m0>?}2@7tE,clara.colommartínez@insgabrielamistral.cat,m0>?}2@7tE
Mireia,Gomez Ribas,2nESO,mireia.gomezribas@insgabrielamistral.cat,t6qq*[*j_R,mireia.gomezribas@insgabrielamistral.cat,t6qq*[*j_R
Laura,Navarro Costa,4rtESO,laura.navarrocosta@insgabrielamistral.cat,TyzXlMfJW+,laura.navarrocosta@insgabrielamistral.cat,TyzXlMfJW+
Josep,Mas Sanchez,4rtESO,josep.massanchez@insgabrielamistral.cat,*r<P\}_bFZ,josep.massanchez@insgabrielamistral.cat,*r<P\}_bFZ
Clara,Ferrer Gomez,1rESO,clara.ferrergomez@insgabrielamistral.cat,xzBDok~:_!,clara.ferrergomez@insgabrielamistral.cat,xzBDok~:_!
Laura,Costa Torres,ASIX1,laura.costatorres@insgabrielamistral.cat,"P""T|??m(=s",laura.costatorres@insgabrielamistral.cat,"P""T|??m(=s"
Nuria,Martínez Bosch,DAM1,nuria.martínezbosch@insgabrielamistral.cat,"Pi,rW&='-S",nuria.martínezbosch@insgabrielamistral.cat,"Pi,rW&='-S"
Clara,Colom Costa,ASIX2,clara.colomcosta@insgabrielamistral.cat,=n8BQ#7s-O,clara.colomcosta@insgabrielamistral.cat,=n8BQ#7s-O
Anna,Bosch Prat,1rESO,anna.boschprat@insgabrielamistral.cat,'Fo;&!upT_,anna.boschprat@insgabrielamistral.cat,'Fo;&!upT_
Sandra,Prat Morales,ASIX2,sandra.pratmorales@insgabrielamistral.cat,BkTmk03aD\,sandra.pratmorales@insgabrielamistral.cat,BkTmk03aD\
Laura,Mas Bosch,3rESO,laura.masbosch@insgabrielamistral.cat,t>6Q<3)hyL,laura.masbosch@insgabrielamistral.cat,t>6Q<3)hyL
Marta,López Gomez,4rtESO,marta.lópezgomez@insgabrielamistral.cat,q2=UdAL}'0,marta.lópezgomez@insgabrielamistral.cat,q2=UdAL}'0
Mireia,Bosch Navarro,4rtESO,mireia.boschnavarro@insgabrielamistral.cat,sTI}xE.`J],mireia.boschnavarro@insgabrielamistral.cat,sTI}xE.`J]
Marta,Sanchez Gomez,3rESO,marta.sanchezgomez@insgabrielamistral.cat,LqulT#$E@z,marta.sanchezgomez@insgabrielamistral.cat,LqulT#$E@z
Joan,Navarro Bosch,1rESO,joan.navarrobosch@insgabrielamistral.cat,",R_)n3%?6~",joan.navarrobosch@insgabrielamistral.cat,",R_)n3%?6~"
Sergi,Costa Costa,1rESO,sergi.costacosta@insgabrielamistral.cat,JI`S'9DU3],sergi.costacosta@insgabrielamistral.cat,JI`S'9DU3]
Nuria,Gomez López,ASIX2,nuria.gomezlópez@insgabrielamistral.cat,"z{J$~OVt,8",nuria.gomezlópez@insgabrielamistral.cat,"z{J$~OVt,8"
Nuria,Vidal Ribas,2nESO,nuria.vidalribas@insgabrielamistral.cat,q>c+Ce[iYG,nuria.vidalribas@insgabrielamistral.cat,q>c+Ce[iYG
Joan,Navarro Mas,DAM1,joan.navarromas@insgabrielamistral.cat,|yO!*5\pSA,joan.navarromas@insgabrielamistral.cat,|yO!*5\pSA
Joan,Vidal López,ASIX2,joan.vidallópez@insgabrielamistral.cat,]tN|ckA#BY,joan.vidallópez@insgabrielamistral.cat,]tN|ckA#BY
Jordi,Ferrer Morales,ASIX1,jordi.ferrermorales@insgabrielamistral.cat,"^X/,98_7SN",jordi.ferrermorales@insgabrielamistral.cat,"^X/,98_7SN"
Anna,Morales Gomez,ASIX2,anna.moralesgomez@insgabrielamistral.cat,>G]Q<g(r:Y,anna.moralesgomez@insgabrielamistral.cat,>G]Q<g(r:Y
Anna,Colom Sanchez,3rESO,anna.colomsanchez@insgabrielamistral.cat,_Ne5{n#%l',anna.colomsanchez@insgabrielamistral.cat,_Ne5{n#%l'
David,Vidal Bosch,DAM1,david.vidalbosch@insgabrielamistral.cat,FQ>\8N.oDz,david.vidalbosch@insgabrielamistral.cat,FQ>\8N.oDz
Sandra,Prat Sanchez,3rESO,sandra.pratsanchez@insgabrielamistral.cat,mfq8E:%X^&,sandra.pratsanchez@insgabrielamistral.cat,mfq8E:%X^&
Marc,Vidal Garcia,3rESO,marc.vidalgarcia@insgabrielamistral.cat,d>9_II-3n%,marc.vidalgarcia@insgabrielamistral.cat,d>9_II-3n%
Sergi,Gomez Martínez,DAM2,sergi.gomezmartínez@insgabrielamistral.cat,TsE))hiG3G,sergi.gomezmartínez@insgabrielamistral.cat,TsE))hiG3G
Clara,Morales Gomez,2nESO,clara.moralesgomez@insgabrielamistral.cat,&/S3PAg#8m,clara.moralesgomez@insgabrielamistral.cat,&/S3PAg#8m
Sergi,Gomez Ribas,ASIX1,sergi.gomezribas@insgabrielamistral.cat,7@=[Td5c!J,sergi.gomezribas@insgabrielamistral.cat,7@=[Td5c!J
Sergi,Colom Costa,1rESO,sergi.colomcosta@insgabrielamistral.cat,Hr:pStx}I},sergi.colomcosta@insgabrielamistral.cat,Hr:pStx}I}
Nuria,Ferrer López,ASIX2,nuria.ferrerlópez@insgabrielamistral.cat,'B2O.cGa<U,nuria.ferrerlópez@insgabrielamistral.cat,'B2O.cGa<U
Sergi,Morales López,SMIX1A,sergi.moraleslópez@insgabrielamistral.cat,hCT{iJhV+I,sergi.moraleslópez@insgabrielamistral.cat,hCT{iJhV+I
Joan,Prat Sanchez,SMIX1B,joan.pratsanchez@insgabrielamistral.cat,"*I]&-E_<A,",joan.pratsanchez@insgabrielamistral.cat,"*I]&-E_<A,"
Nuria,Costa Prat,SMIX1B,nuria.costaprat@insgabrielamistral.cat,{@ceu=|;]4,nuria.costaprat@insgabrielamistral.cat,{@ceu=|;]4
Sergi,Morales Vidal,ASIX2,sergi.moralesvidal@insgabrielamistral.cat,H&JzZ=06qf,sergi.moralesvidal@insgabrielamistral.cat,H&JzZ=06qf
Sergi,Garcia Prat,SMIX1A,sergi.garciaprat@insgabrielamistral.cat,1+Km.fk#Pk,sergi.garciaprat@insgabrielamistral.cat,1+Km.fk#Pk
Clara,Bosch Torres,DAM1,clara.boschtorres@insgabrielamistral.cat,`|5&@=>T%%,clara.boschtorres@insgabrielamistral.cat,`|5&@=>T%%
Joan,Colom López,4rtESO,joan.colomlópez@insgabrielamistral.cat,GG6w+JE8:d,joan.colomlópez@insgabrielamistral.cat,GG6w+JE8:d
Sandra,Morales Sanchez,SMIX1A,sandra.moralessanchez@insgabrielamistral.cat,D.2KW3xG62,sandra.moralessanchez@insgabrielamistral.cat,D.2KW3xG62
Marta,Vidal Ferrer,1rESO,marta.vidalferrer@insgabrielamistral.cat,k'+F|{dhR*,marta.vidalferrer@insgabrielamistral.cat,k'+F|{dhR*
Sergi,Bosch Ribas,1rESO,sergi.boschribas@insgabrielamistral.cat,"6H;I<,2b(#",sergi.boschribas@insgabrielamistral.cat,"6H;I<,2b(#"
Sandra,Sanchez Mas,1rESO,sandra.sanchezmas@insgabrielamistral.cat,v&kQvp^~oI,sandra.sanchezmas@insgabrielamistral.cat,v&kQvp^~oI
Anna,Morales López,ASIX2,anna.moraleslópez@insgabrielamistral.cat,"xTEo,b4k-#",anna.moraleslópez@insgabrielamistral.cat,"xTEo,b4k-#"
Maria,Morales Martínez,SMIX1A,maria.moralesmartínez@insgabrielamistral.cat,I`Ydoz9xy`,maria.moralesmartínez@insgabrielamistral.cat,I`Ydoz9xy`
Carles,Garcia Morales,SMIX1A,carles.garciamorales@insgabrielamistral.cat,MaED4h?6uS,carles.garciamorales@insgabrielamistral.cat,MaED4h?6uS
Marc,Colom Ferrer,SMIX1B,marc.colomferrer@insgabrielamistral.cat,d`sn4{'mCJ,marc.colomferrer@insgabrielamistral.cat,d`sn4{'mCJ
Maria,López Torres,1rESO,maria.lópeztorres@insgabrielamistral.cat,LM=a&_!;eo,maria.lópeztorres@insgabrielamistral.cat,LM=a&_!;eo
Maria,Garcia Vidal,SMIX1A,maria.garciavidal@insgabrielamistral.cat,UKF>od-:xn,maria.garciavidal@insgabrielamistral.cat,UKF>od-:xn
Marc,Morales Vidal,SMIX1B,marc.moralesvidal@insgabrielamistral.cat,]XSo7j~a^u,marc.moralesvidal@insgabrielamistral.cat,]XSo7j~a^u
Marta,Sanchez Sanchez,SMIX1B,marta.sanchezsanchez@insgabrielamistral.cat,MPXot*sBD|,marta.sanchezsanchez@insgabrielamistral.cat,MPXot*sBD|
Clara,Colom Ferrer,SMIX1A,clara.colomferrer@insgabrielamistral.cat,bYW~-m3J:O,clara.colomferrer@insgabrielamistral.cat,bYW~-m3J:O
Carles,Martínez Martínez,2nESO,carles.martínezmartínez@insgabrielamistral.cat,LL*&Wc44Z+,carles.martínezmartínez@insgabrielamistral.cat,LL*&Wc44Z+
Josep,Sanchez Navarro,3rESO,josep.sancheznavarro@insgabrielamistral.cat,T8IU[JY++{,josep.sancheznavarro@insgabrielamistral.cat,T8IU[JY++{
Marta,Ferrer Ribas,3rESO,marta.ferrerribas@insgabrielamistral.cat,+qswxPNQ*R,marta.ferrerribas@insgabrielamistral.cat,+qswxPNQ*R
Carles,Prat López,SMIX1B,carles.pratlópez@insgabrielamistral.cat,dsm#tIqami,carles.pratlópez@insgabrielamistral.cat,dsm#tIqami
Joan,Morales López,SMIX1B,joan.moraleslópez@insgabrielamistral.cat,U?nz/_ticl,joan.moraleslópez@insgabrielamistral.cat,U?nz/_ticl
Anna,Sanchez Sanchez,DAM2,anna.sanchezsanchez@insgabrielamistral.cat,"bY%kI4,~uG",anna.sanchezsanchez@insgabrielamistral.cat,"bY%kI4,~uG"
Anna,Garcia Mas,DAM2,anna.garciamas@insgabrielamistral.cat,BxX%HO]sl0,anna.garciamas@insgabrielamistral.cat,BxX%HO]sl0
Maria,Gomez Mas,SMIX1A,maria.gomezmas@insgabrielamistral.cat,)OqfXFzH<o,maria.gomezmas@insgabrielamistral.cat,)OqfXFzH<o
Clara,López Costa,DAM2,clara.lópezcosta@insgabrielamistral.cat,"]~=ZlM%Fq""",clara.lópezcosta@insgabrielamistral.cat,"]~=ZlM%Fq"""
Anna,López Bosch,ASIX2,anna.lópezbosch@insgabrielamistral.cat,]_uZ0_}S^[,anna.lópezbosch@insgabrielamistral.cat,]_uZ0_}S^[
Clara,Torres Torres,1rESO,clara.torrestorres@insgabrielamistral.cat,3CvS>lxH`_,clara.torrestorres@insgabrielamistral.cat,3CvS>lxH`_
Nuria,Torres Sanchez,4rtESO,nuria.torressanchez@insgabrielamistral.cat,-#X<4QWC8},nuria.torressanchez@insgabrielamistral.cat,-#X<4QWC8}
Carles,Sanchez Garcia,ASIX1,carles.sanchezgarcia@insgabrielamistral.cat,.)aKaf!>_},carles.sanchezgarcia@insgabrielamistral.cat,.)aKaf!>_}
Joan,Mas Costa,ASIX2,joan.mascosta@insgabrielamistral.cat,y2$f5*1XdQ,joan.mascosta@insgabrielamistral.cat,y2$f5*1XdQ
Jordi,Costa Bosch,SMIX1A,jordi.costabosch@insgabrielamistral.cat,"hG'[&""L,Bz",jordi.costabosch@insgabrielamistral.cat,"hG'[&""L,Bz"
Josep,López Ribas,3rESO,josep.lópezribas@insgabrielamistral.cat,OfnK)C`vz8,josep.lópezribas@insgabrielamistral.cat,OfnK)C`vz8
Nuria,Vidal Ribas,2nESO,nuria.vidalribas@insgabrielamistral.cat,mWax-Wcd[:,nuria.vidalribas@insgabrielamistral.cat,mWax-Wcd[:
Mireia,Navarro Martínez,SMIX1A,mireia.navarromartínez@insgabrielamistral.cat,p[&B8SfnEq,mireia.navarromartínez@insgabrielamistral.cat,p[&B8SfnEq
Laura,Morales Garcia,SMIX1B,laura.moralesgarcia@insgabrielamistral.cat,t>ob'$@5E6,laura.moralesgarcia@insgabrielamistral.cat,t>ob'$@5E6
Sergi,Morales Gomez,2nESO,sergi.moralesgomez@insgabrielamistral.cat,8'nz\A|Ao{,sergi.moralesgomez@insgabrielamistral.cat,8'nz\A|Ao{
Nuria,Sanchez Sanchez,SMIX1A,nuria.sanchezsanchez@insgabrielamistral.cat,"cdmPe#%""f:",nuria.sanchezsanchez@insgabrielamistral.cat,"cdmPe#%""f:"
Anna,Ferrer Sanchez,DAM1,anna.ferrersanchez@insgabrielamistral.cat,l$hqg3&ykq,anna.ferrersanchez@insgabrielamistral.cat,l$hqg3&ykq
Mireia,Ribas Bosch,DAM2,mireia.ribasbosch@insgabrielamistral.cat,ePu2IYAA|q,mireia.ribasbosch@insgabrielamistral.cat,ePu2IYAA|q
Jordi,Ribas Torres,ASIX2,jordi.ribastorres@insgabrielamistral.cat,dC;/3g1Bb1,jordi.ribastorres@insgabrielamistral.cat,dC;/3g1Bb1
Nuria,Morales Garcia,4rtESO,nuria.moralesgarcia@insgabrielamistral.cat,"EXz!x}^:"".",nuria.moralesgarcia@insgabrielamistral.cat,"EXz!x}^:""."
Clara,López Ribas,DAM1,clara.lópezribas@insgabrielamistral.cat,"W&|+b5#A""P",clara.lópezribas@insgabrielamistral.cat,"W&|+b5#A""P"
Albert,López Costa,SMIX1B,albert.lópezcosta@insgabrielamistral.cat,"MvrB,kVo?,",albert.lópezcosta@insgabrielamistral.cat,"MvrB,kVo?,"
Clara,López Gomez,DAM2,clara.lópezgomez@insgabrielamistral.cat,/X9{fS{VxH,clara.lópezgomez@insgabrielamistral.cat,/X9{fS{VxH
Jordi,Mas Costa,DAM2,jordi.mascosta@insgabrielamistral.cat,",Dj7;>WiUI",jordi.mascosta@insgabrielamistral.cat,",Dj7;>WiUI"
Nuria,Navarro Prat,DAM2,nuria.navarroprat@insgabrielamistral.cat,R$MKc*uCi!,nuria.navarroprat@insgabrielamistral.cat,R$MKc*uCi!
Sandra,Mas Colom,DAM1,sandra.mascolom@insgabrielamistral.cat,_uBQEM{%-Q,sandra.mascolom@insgabrielamistral.cat,_uBQEM{%-Q
Laura,Ribas López,1rESO,laura.ribaslópez@insgabrielamistral.cat,>SQr>37b|U,laura.ribaslópez@insgabrielamistral.cat,>SQr>37b|U
Marta,López Navarro,4rtESO,marta.lópeznavarro@insgabrielamistral.cat,Bc]5lVPb't,marta.lópeznavarro@insgabrielamistral.cat,Bc]5lVPb't
Marc,Prat Ribas,SMIX1B,marc.pratribas@insgabrielamistral.cat,1<4L9.SpE',marc.pratribas@insgabrielamistral.cat,1<4L9.SpE'
Carles,Martínez Ferrer,ASIX2,carles.martínezferrer@insgabrielamistral.cat,"_`;,Hz""G.h",carles.martínezferrer@insgabrielamistral.cat,"_`;,Hz""G.h"
Sandra,Bosch Prat,SMIX1A,sandra.boschprat@insgabrielamistral.cat,KS#JgWPNI?,sandra.boschprat@insgabrielamistral.cat,KS#JgWPNI?
Mireia,Martínez Prat,DAM2,mireia.martínezprat@insgabrielamistral.cat,m3>5T4/cYe,mireia.martínezprat@insgabrielamistral.cat,m3>5T4/cYe
Josep,Gomez Prat,DAM2,josep.gomezprat@insgabrielamistral.cat,e0N}vr}}!A,josep.gomezprat@insgabrielamistral.cat,e0N}vr}}!A
Sergi,Costa Prat,SMIX1A,sergi.costaprat@insgabrielamistral.cat,{2R@PL?|p_,sergi.costaprat@insgabrielamistral.cat,{2R@PL?|p_
David,Ferrer Mas,DAM1,david.ferrermas@insgabrielamistral.cat,`:u\=@S5*r,david.ferrermas@insgabrielamistral.cat,`:u\=@S5*r
Jordi,Vidal Sanchez,DAM1,jordi.vidalsanchez@insgabrielamistral.cat,]d{/R:yh3I,jordi.vidalsanchez@insgabrielamistral.cat,]d{/R:yh3I
Albert,Ferrer Morales,DAM2,albert.ferrermorales@insgabrielamistral.cat,"Bt]N!-9UF,",albert.ferrermorales@insgabrielamistral.cat,"Bt]N!-9UF,"
Clara,Vidal Vidal,ASIX1,clara.vidalvidal@insgabrielamistral.cat,t3/qa\qEPN,clara.vidalvidal@insgabrielamistral.cat,t3/qa\qEPN
Carles,Garcia Torres,1rESO,carles.garciatorres@insgabrielamistral.cat,B/C7k^?n^2,carles.garciatorres@insgabrielamistral.cat,B/C7k^?n^2
Sandra,Garcia Vidal,3rESO,sandra.garciavidal@insgabrielamistral.cat,&HfP&/4D~\,sandra.garciavidal@insgabrielamistral.cat,&HfP&/4D~\
David,Vidal Vidal,ASIX1,david.vidalvidal@insgabrielamistral.cat,v1#@Y6)Vs\,david.vidalvidal@insgabrielamistral.cat,v1#@Y6)Vs\
Marta,Sanchez Costa,DAM2,marta.sanchezcosta@insgabrielamistral.cat,82=m:U0z6N,marta.sanchezcosta@insgabrielamistral.cat,82=m:U0z6N
Maria,López Colom,2nESO,maria.lópezcolom@insgabrielamistral.cat,<rf7Bb<Tv~,maria.lópezcolom@insgabrielamistral.cat,<rf7Bb<Tv~
Jordi,López Mas,2nESO,jordi.lópezmas@insgabrielamistral.cat,O0kk-0s@|r,jordi.lópezmas@insgabrielamistral.cat,O0kk-0s@|r
Carles,Morales Garcia,ASIX2,carles.moralesgarcia@insgabrielamistral.cat,~ccmTuhb7S,carles.moralesgarcia@insgabrielamistral.cat,~ccmTuhb7S
Anna,Navarro Prat,1rESO,anna.navarroprat@insgabrielamistral.cat,";5:pU""2+0r",anna.navarroprat@insgabrielamistral.cat,";5:pU""2+0r"
Albert,Colom Colom,1rESO,albert.colomcolom@insgabrielamistral.cat,2J<ZZn$I#q,albert.colomcolom@insgabrielamistral.cat,2J<ZZn$I#q
Jordi,Torres Martínez,ASIX2,jordi.torresmartínez@insgabrielamistral.cat,l6Lmtm&Gk{,jordi.torresmartínez@insgabrielamistral.cat,l6Lmtm&Gk{
Sergi,Bosch Prat,SMIX1B,sergi.boschprat@insgabrielamistral.cat,P^beb1;C?u,sergi.boschprat@insgabrielamistral.cat,P^beb1;C?u
Joan,Morales Navarro,4rtESO,joan.moralesnavarro@insgabrielamistral.cat,z>Z6NR:NA/,joan.moralesnavarro@insgabrielamistral.cat,z>Z6NR:NA/
Laura,Bosch Mas,1rESO,laura.boschmas@insgabrielamistral.cat,"5K^r7Pika""",laura.boschmas@insgabrielamistral.cat,"5K^r7Pika"""
Marc,Torres Prat,DAM1,marc.torresprat@insgabrielamistral.cat,Ya5gAbU}I4,marc.torresprat@insgabrielamistral.cat,Ya5gAbU}I4
Carles,Vidal López,4rtESO,carles.vidallópez@insgabrielamistral.cat,"EY,E5amD_v",carles.vidallópez@insgabrielamistral.cat,"EY,E5amD_v"
Jordi,Ribas Costa,SMIX1A,jordi.ribascosta@insgabrielamistral.cat,knwL&[\TEX,jordi.ribascosta@insgabrielamistral.cat,knwL&[\TEX
David,Ribas Gomez,SMIX1B,david.ribasgomez@insgabrielamistral.cat,rk0H]1q{Q9,david.ribasgomez@insgabrielamistral.cat,rk0H]1q{Q9
Jordi,Bosch Prat,SMIX1B,jordi.boschprat@insgabrielamistral.cat,?GaK*YHO(0,jordi.boschprat@insgabrielamistral.cat,?GaK*YHO(0
Sergi,Ferrer Navarro,3rESO,sergi.ferrernavarro@insgabrielamistral.cat,9!8RUXbTNz,sergi.ferrernavarro@insgabrielamistral.cat,9!8RUXbTNz
Mireia,Vidal Martínez,SMIX1B,mireia.vidalmartínez@insgabrielamistral.cat,&M%{rU11&X,mireia.vidalmartínez@insgabrielamistral.cat,&M%{rU11&X
Clara,Prat Vidal,2nESO,clara.pratvidal@insgabrielamistral.cat,",m>PRL2yl]",clara.pratvidal@insgabrielamistral.cat,",m>PRL2yl]"
Jordi,Bosch Colom,SMIX1B,jordi.boschcolom@insgabrielamistral.cat,"kn""qt0I(V7",jordi.boschcolom@insgabrielamistral.cat,"kn""qt0I(V7"
Maria,Colom Mas,ASIX2,maria.colommas@insgabrielamistral.cat,Fm(V(&!bBY,maria.colommas@insgabrielamistral.cat,Fm(V(&!bBY
Mireia,López Morales,4rtESO,mireia.lópezmorales@insgabrielamistral.cat,q=E7IU(y^!,mireia.lópezmorales@insgabrielamistral.cat,q=E7IU(y^!
Mireia,Martínez Costa,ASIX2,mireia.martínezcosta@insgabrielamistral.cat,8M{S6sr/$&,mireia.martínezcosta@insgabrielamistral.cat,8M{S6sr/$&
Jordi,Torres Morales,DAM1,jordi.torresmorales@insgabrielamistral.cat,K}u9N%t-]1,jordi.torresmorales@insgabrielamistral.cat,K}u9N%t-]1
Mireia,Ribas Torres,1rESO,mireia.ribastorres@insgabrielamistral.cat,Xaqvw.ijel,mireia.ribastorres@insgabrielamistral.cat,Xaqvw.ijel
Joan,Ribas Sanchez,4rtESO,joan.ribassanchez@insgabrielamistral.cat,_GCr_E80XV,joan.ribassanchez@insgabrielamistral.cat,_GCr_E80XV
Laura,Prat Prat,3rESO,laura.pratprat@insgabrielamistral.cat,1EgI)G0U(W,laura.pratprat@insgabrielamistral.cat,1EgI)G0U(W
Marc,Prat Ribas,DAM2,marc.pratribas@insgabrielamistral.cat,3^\*<xL~]C,marc.pratribas@insgabrielamistral.cat,3^\*<xL~]C
Marc,Prat Ribas,ASIX2,marc.pratribas@insgabrielamistral.cat,L#!DNi$+fv,marc.pratribas@insgabrielamistral.cat,L#!DNi$+fv
Josep,Bosch Mas,DAM2,josep.boschmas@insgabrielamistral.cat,AlHJ^OyVRP,josep.boschmas@insgabrielamistral.cat,AlHJ^OyVRP
Marc,Navarro Costa,SMIX1A,marc.navarrocosta@insgabrielamistral.cat,7:q.N-Ms*J,marc.navarrocosta@insgabrielamistral.cat,7:q.N-Ms*J
Maria,Mas Sanchez,4rtESO,maria.massanchez@insgabrielamistral.cat,qH2s40k_N?,maria.massanchez@insgabrielamistral.cat,qH2s40k_N?
Mireia,Bosch Bosch,DAM2,mireia.boschbosch@insgabrielamistral.cat,_H;hjF]egR,mireia.boschbosch@insgabrielamistral.cat,_H;hjF]egR
Marta,Bosch Costa,4rtESO,marta.boschcosta@insgabrielamistral.cat,o)82pk{28e,marta.boschcosta@insgabrielamistral.cat,o)82pk{28e
Marta,Navarro Martínez,DAM1,marta.navarromartínez@insgabrielamistral.cat,ZQ(W<4P5G1,marta.navarromartínez@insgabrielamistral.cat,ZQ(W<4P5G1
Albert,Costa Morales,ASIX2,albert.costamorales@insgabrielamistral.cat,"x,(QyA{1Xt",albert.costamorales@insgabrielamistral.cat,"x,(QyA{1Xt"
Maria,Colom Ferrer,1rESO,maria.colomferrer@insgabrielamistral.cat,rIMIK7Arz8,maria.colomferrer@insgabrielamistral.cat,rIMIK7Arz8
Jordi,Colom López,DAM1,jordi.colomlópez@insgabrielamistral.cat,z(gP&cQ9-H,jordi.colomlópez@insgabrielamistral.cat,z(gP&cQ9-H
Jordi,Vidal Prat,ASIX2,jordi.vidalprat@insgabrielamistral.cat,wLy>.6iRp',jordi.vidalprat@insgabrielamistral.cat,wLy>.6iRp'
Mireia,Torres Vidal,ASIX1,mireia.torresvidal@insgabrielamistral.cat,-W]Ua8}E`{,mireia.torresvidal@insgabrielamistral.cat,-W]Ua8}E`{
Laura,Vidal Navarro,ASIX2,laura.vidalnavarro@insgabrielamistral.cat,>go]/X+Khv,laura.vidalnavarro@insgabrielamistral.cat,>go]/X+Khv
Sergi,Bosch Prat,1rESO,sergi.boschprat@insgabrielamistral.cat,cX-.pE[h]H,sergi.boschprat@insgabrielamistral.cat,cX-.pE[h]H
Nuria,Colom Morales,DAM2,nuria.colommorales@insgabrielamistral.cat,"mv^]V""/f#k",nuria.colommorales@insgabrielamistral.cat,"mv^]V""/f#k"
Joan,Bosch Prat,ASIX1,joan.boschprat@insgabrielamistral.cat,$4FiZ!-gyg,joan.boschprat@insgabrielamistral.cat,$4FiZ!-gyg
Laura,Torres Garcia,DAM2,laura.torresgarcia@insgabrielamistral.cat,h>.?%1_5F4,laura.torresgarcia@insgabrielamistral.cat,h>.?%1_5F4
Sandra,Bosch Martínez,4rtESO,sandra.boschmartínez@insgabrielamistral.cat,58|Xi[a\F|,sandra.boschmartínez@insgabrielamistral.cat,58|Xi[a\F|
Marc,Gomez Martínez,DAM1,marc.gomezmartínez@insgabrielamistral.cat,TwJ=P'yz_K,marc.gomezmartínez@insgabrielamistral.cat,TwJ=P'yz_K
Marc,Colom Gomez,DAM1,marc.colomgomez@insgabrielamistral.cat,zze4)wGb7F,marc.colomgomez@insgabrielamistral.cat,zze4)wGb7F
Sergi,López Morales,3rESO,sergi.lópezmorales@insgabrielamistral.cat,%U'3'1Y\>#,sergi.lópezmorales@insgabrielamistral.cat,%U'3'1Y\>#
Laura,Garcia Torres,1rESO,laura.garciatorres@insgabrielamistral.cat,VMGK|vd$YC,laura.garciatorres@insgabrielamistral.cat,VMGK|vd$YC
Mireia,Sanchez Gomez,4rtESO,mireia.sanchezgomez@insgabrielamistral.cat,<s(|G/(u=n,mireia.sanchezgomez@insgabrielamistral.cat,<s(|G/(u=n
Marc,Torres Ribas,SMIX1A,marc.torresribas@insgabrielamistral.cat,r2^%8P6JQ?,marc.torresribas@insgabrielamistral.cat,r2^%8P6JQ?
Jordi,Gomez Morales,ASIX2,jordi.gomezmorales@insgabrielamistral.cat,oVkh;P?zPv,jordi.gomezmorales@insgabrielamistral.cat,oVkh;P?zPv
Sergi,Prat Torres,SMIX1A,sergi.prattorres@insgabrielamistral.cat,WGOcZI6r6&,sergi.prattorres@insgabrielamistral.cat,WGOcZI6r6&
Maria,Ribas Vidal,DAM2,maria.ribasvidal@insgabrielamistral.cat,\/a7d+h(^`,maria.ribasvidal@insgabrielamistral.cat,\/a7d+h(^`
Maria,Colom Sanchez,ASIX2,maria.colomsanchez@insgabrielamistral.cat,"q'H5[CQrb""",maria.colomsanchez@insgabrielamistral.cat,"q'H5[CQrb"""
Anna,Torres Colom,3rESO,anna.torrescolom@insgabrielamistral.cat,`dq++Vt2Ls,anna.torrescolom@insgabrielamistral.cat,`dq++Vt2Ls
David,Navarro Prat,ASIX2,david.navarroprat@insgabrielamistral.cat,"G`,}Sc*iP(",david.navarroprat@insgabrielamistral.cat,"G`,}Sc*iP("
Anna,Colom Morales,DAM2,anna.colommorales@insgabrielamistral.cat,|[KH2+jV#],anna.colommorales@insgabrielamistral.cat,|[KH2+jV#]
Marc,Gomez Costa,ASIX2,marc.gomezcosta@insgabrielamistral.cat,NAhV9O+DJ},marc.gomezcosta@insgabrielamistral.cat,NAhV9O+DJ}
Maria,Morales Prat,4rtESO,maria.moralesprat@insgabrielamistral.cat,AF=+HgVC0`,maria.moralesprat@insgabrielamistral.cat,AF=+HgVC0`
Mireia,Vidal López,ASIX1,mireia.vidallópez@insgabrielamistral.cat,"l+sX|<f""},",mireia.vidallópez@insgabrielamistral.cat,"l+sX|<f""},"
Joan,Prat Mas,4rtESO,joan.pratmas@insgabrielamistral.cat,":,r>IkHQY<",joan.pratmas@insgabrielamistral.cat,":,r>IkHQY<"
Albert,Torres Costa,3rESO,albert.torrescosta@insgabrielamistral.cat,j5H0CswOA^,albert.torrescosta@insgabrielamistral.cat,j5H0CswOA^
Anna,Ferrer Gomez,SMIX1B,anna.ferrergomez@insgabrielamistral.cat,P%X^yl<#]j,anna.ferrergomez@insgabrielamistral.cat,P%X^yl<#]j
Mireia,Ferrer Prat,SMIX1B,mireia.ferrerprat@insgabrielamistral.cat,"yA""jVTL3hi",mireia.ferrerprat@insgabrielamistral.cat,"yA""jVTL3hi"
Mireia,López Martínez,SMIX1A,mireia.lópezmartínez@insgabrielamistral.cat,^OIA0;oS48,mireia.lópezmartínez@insgabrielamistral.cat,^OIA0;oS48
Mireia,Martínez Ferrer,SMIX1B,mireia.martínezferrer@insgabrielamistral.cat,"o_$rjy""hF'",mireia.martínezferrer@insgabrielamistral.cat,"o_$rjy""hF'"
Carles,Ferrer Navarro,SMIX1A,carles.ferrernavarro@insgabrielamistral.cat,"y6^t""=0""%u",carles.ferrernavarro@insgabrielamistral.cat,"y6^t""=0""%u"
Marc,Ferrer Sanchez,SMIX1B,marc.ferrersanchez@insgabrielamistral.cat,K/^`;W+M$m,marc.ferrersanchez@insgabrielamistral.cat,K/^`;W+M$m
Maria,Prat Ribas,DAM2,maria.pratribas@insgabrielamistral.cat,Uv-oaw^{Pk,maria.pratribas@insgabrielamistral.cat,Uv-oaw^{Pk
Josep,Vidal Colom,DAM2,josep.vidalcolom@insgabrielamistral.cat,nwTV#5HoX$,josep.vidalcolom@insgabrielamistral.cat,nwTV#5HoX$
David,López Bosch,4rtESO,david.lópezbosch@insgabrielamistral.cat,$OVs4yw@/5,david.lópezbosch@insgabrielamistral.cat,$OVs4yw@/5
David,Ferrer Navarro,DAM2,david.ferrernavarro@insgabrielamistral.cat,'=tnY*ziZ&,david.ferrernavarro@insgabrielamistral.cat,'=tnY*ziZ&
Nuria,Garcia López,ASIX2,nuria.garcialópez@insgabrielamistral.cat,bxkHtL;Y@*,nuria.garcialópez@insgabrielamistral.cat,bxkHtL;Y@*
Jordi,Vidal López,ASIX2,jordi.vidallópez@insgabrielamistral.cat,Lf`r!VAoBy,jordi.vidallópez@insgabrielamistral.cat,Lf`r!VAoBy
Sandra,Costa Mas,DAM2,sandra.costamas@insgabrielamistral.cat,@?Q8}@did9,sandra.costamas@insgabrielamistral.cat,@?Q8}@did9
Mireia,Sanchez Ferrer,4rtESO,mireia.sanchezferrer@insgabrielamistral.cat,.5%bmkn'[o,mireia.sanchezferrer@insgabrielamistral.cat,.5%bmkn'[o
Mireia,Torres Morales,3rESO,mireia.torresmorales@insgabrielamistral.cat,CSPssF'+2?,mireia.torresmorales@insgabrielamistral.cat,CSPssF'+2?
David,Bosch Mas,1rESO,david.boschmas@insgabrielamistral.cat,0T1;]n6+2>,david.boschmas@insgabrielamistral.cat,0T1;]n6+2>
Mireia,Vidal Prat,ASIX2,mireia.vidalprat@insgabrielamistral.cat,"u"";w&!B""Bj",mireia.vidalprat@insgabrielamistral.cat,"u"";w&!B""Bj"
Clara,Torres Costa,SMIX1A,clara.torrescosta@insgabrielamistral.cat,K]z2cxE<\k,clara.torrescosta@insgabrielamistral.cat,K]z2cxE<\k
Maria,Ferrer Costa,ASIX2,maria.ferrercosta@insgabrielamistral.cat,diE[)HGw-V,maria.ferrercosta@insgabrielamistral.cat,diE[)HGw-V
Maria,Costa Garcia,DAM1,maria.costagarcia@insgabrielamistral.cat,YD<y61tDMu,maria.costagarcia@insgabrielamistral.cat,YD<y61tDMu
Nuria,Ribas Torres,4rtESO,nuria.ribastorres@insgabrielamistral.cat,)+*Hg!#f$-,nuria.ribastorres@insgabrielamistral.cat,)+*Hg!#f$-
Marta,Mas Costa,ASIX2,marta.mascosta@insgabrielamistral.cat,;wWeU2HH*0,marta.mascosta@insgabrielamistral.cat,;wWeU2HH*0
Josep,Gomez Gomez,2nESO,josep.gomezgomez@insgabrielamistral.cat,^)0U:VlYNe,josep.gomezgomez@insgabrielamistral.cat,^)0U:VlYNe
Marta,Garcia Ferrer,SMIX1A,marta.garciaferrer@insgabrielamistral.cat,]lGC#Qb!X*,marta.garciaferrer@insgabrielamistral.cat,]lGC#Qb!X*
Sandra,Prat Bosch,ASIX2,sandra.pratbosch@insgabrielamistral.cat,@_3EGV8I(h,sandra.pratbosch@insgabrielamistral.cat,@_3EGV8I(h
Nuria,Morales Ferrer,DAM1,nuria.moralesferrer@insgabrielamistral.cat,%Sq'U{AO%_,nuria.moralesferrer@insgabrielamistral.cat,%Sq'U{AO%_
Marta,Torres Colom,ASIX1,marta.torrescolom@insgabrielamistral.cat,"h!""O6-oBZr",marta.torrescolom@insgabrielamistral.cat,"h!""O6-oBZr"
Jordi,Ribas López,DAM2,jordi.ribaslópez@insgabrielamistral.cat,`($U;[Ll4K,jordi.ribaslópez@insgabrielamistral.cat,`($U;[Ll4K
Jordi,Martínez Navarro,SMIX1A,jordi.martíneznavarro@insgabrielamistral.cat,7M)6iJD$Y#,jordi.martíneznavarro@insgabrielamistral.cat,7M)6iJD$Y#
Nuria,Costa Sanchez,2nESO,nuria.costasanchez@insgabrielamistral.cat,.0A#rheSHr,nuria.costasanchez@insgabrielamistral.cat,.0A#rheSHr
Laura,Morales Sanchez,3rESO,laura.moralessanchez@insgabrielamistral.cat,'Fvh@^Gy1H,laura.moralessanchez@insgabrielamistral.cat,'Fvh@^Gy1H
Sergi,Ribas Ribas,DAM2,sergi.ribasribas@insgabrielamistral.cat,WY.4(jCd~v,sergi.ribasribas@insgabrielamistral.cat,WY.4(jCd~v
Anna,Martínez Colom,SMIX1A,anna.martínezcolom@insgabrielamistral.cat,hfU)Li]HP(,anna.martínezcolom@insgabrielamistral.cat,hfU)Li]HP(
Josep,Mas Ferrer,3rESO,josep.masferrer@insgabrielamistral.cat,cv8PC3<HcI,josep.masferrer@insgabrielamistral.cat,cv8PC3<HcI
Anna,Navarro Bosch,1rESO,anna.navarrobosch@insgabrielamistral.cat,"ECo""VU+fZh",anna.navarrobosch@insgabrielamistral.cat,"ECo""VU+fZh"
Mireia,Morales Garcia,DAM1,mireia.moralesgarcia@insgabrielamistral.cat,){eDHXx>92,mireia.moralesgarcia@insgabrielamistral.cat,){eDHXx>92
Nuria,Torres Navarro,ASIX2,nuria.torresnavarro@insgabrielamistral.cat,T.6'MZ:wLP,nuria.torresnavarro@insgabrielamistral.cat,T.6'MZ:wLP
Maria,Martínez Ferrer,3rESO,maria.martínezferrer@insgabrielamistral.cat,wH2FUm\Exp,maria.martínezferrer@insgabrielamistral.cat,wH2FUm\Exp
Sandra,López Ribas,SMIX1B,sandra.lópezribas@insgabrielamistral.cat,h!>F?iw#Bv,sandra.lópezribas@insgabrielamistral.cat,h!>F?iw#Bv
Nuria,Bosch López,3rESO,nuria.boschlópez@insgabrielamistral.cat,^JT-=Xk<dC,nuria.boschlópez@insgabrielamistral.cat,^JT-=Xk<dC
Mireia,Torres Vidal,1rESO,mireia.torresvidal@insgabrielamistral.cat,`cSB2$G~4h,mireia.torresvidal@insgabrielamistral.cat,`cSB2$G~4h
Nuria,Bosch Gomez,DAM2,nuria.boschgomez@insgabrielamistral.cat,kER-6~l+P),nuria.boschgomez@insgabrielamistral.cat,kER-6~l+P)
Maria,Gomez Colom,SMIX1B,maria.gomezcolom@insgabrielamistral.cat,=wh|?Soxcf,maria.gomezcolom@insgabrielamistral.cat,=wh|?Soxcf
Josep,Vidal Vidal,3rESO,josep.vidalvidal@insgabrielamistral.cat,"""q%dc<9\q6",josep.vidalvidal@insgabrielamistral.cat,"""q%dc<9\q6"
Maria,Morales Torres,SMIX1B,maria.moralestorres@insgabrielamistral.cat,Dc2KAeLgo4,maria.moralestorres@insgabrielamistral.cat,Dc2KAeLgo4
Jordi,Costa Navarro,3rESO,jordi.costanavarro@insgabrielamistral.cat,N'q`E5eOIN,jordi.costanavarro@insgabrielamistral.cat,N'q`E5eOIN
Sandra,Vidal Vidal,4rtESO,sandra.vidalvidal@insgabrielamistral.cat,q%<fXa$!U#,sandra.vidalvidal@insgabrielamistral.cat,q%<fXa$!U#
Laura,Gomez Vidal,DAM2,laura.gomezvidal@insgabrielamistral.cat,8~JH%5Uq6*,laura.gomezvidal@insgabrielamistral.cat,8~JH%5Uq6*
Anna,Vidal Bosch,1rESO,anna.vidalbosch@insgabrielamistral.cat,04e{Pw@:`},anna.vidalbosch@insgabrielamistral.cat,04e{Pw@:`}
Joan,Sanchez Bosch,DAM2,joan.sanchezbosch@insgabrielamistral.cat,vMLW)!@lJy,joan.sanchezbosch@insgabrielamistral.cat,vMLW)!@lJy
Maria,Torres Morales,DAM2,maria.torresmorales@insgabrielamistral.cat,gz!7zh*Wq\,maria.torresmorales@insgabrielamistral.cat,gz!7zh*Wq\
Jordi,Sanchez Martínez,1rESO,jordi.sanchezmartínez@insgabrielamistral.cat,SBmZl}:i}n,jordi.sanchezmartínez@insgabrielamistral.cat,SBmZl}:i}n
Albert,Ribas Prat,1rESO,albert.ribasprat@insgabrielamistral.cat,"$""Oc<,?Sno",albert.ribasprat@insgabrielamistral.cat,"$""Oc<,?Sno"
Jordi,Torres Costa,DAM1,jordi.torrescosta@insgabrielamistral.cat,H8Q-Yo!5Mp,jordi.torrescosta@insgabrielamistral.cat,H8Q-Yo!5Mp
Albert,Ferrer Ferrer,2nESO,albert.ferrerferrer@insgabrielamistral.cat,]$hG2*?%h),albert.ferrerferrer@insgabrielamistral.cat,]$hG2*?%h)
Anna,Mas Navarro,ASIX1,anna.masnavarro@insgabrielamistral.cat,PyuY+&5z@=,anna.masnavarro@insgabrielamistral.cat,PyuY+&5z@=
Maria,Ribas Garcia,SMIX1A,maria.ribasgarcia@insgabrielamistral.cat,"G>>Sy,P7io",maria.ribasgarcia@insgabrielamistral.cat,"G>>Sy,P7io"
Joan,Sanchez Gomez,ASIX2,joan.sanchezgomez@insgabrielamistral.cat,",dyzlvSc_Y",joan.sanchezgomez@insgabrielamistral.cat,",dyzlvSc_Y"
Laura,Mas Navarro,ASIX2,laura.masnavarro@insgabrielamistral.cat,#ji%Ez|d5d,laura.masnavarro@insgabrielamistral.cat,#ji%Ez|d5d
Sandra,Torres Martínez,1rESO,sandra.torresmartínez@insgabrielamistral.cat,DWq%oiS]=m,sandra.torresmartínez@insgabrielamistral.cat,DWq%oiS]=m
Marta,Gomez Sanchez,1rESO,marta.gomezsanchez@insgabrielamistral.cat,"y,DKaNR90F",marta.gomezsanchez@insgabrielamistral.cat,"y,DKaNR90F"
Anna,Navarro Torres,4rtESO,anna.navarrotorres@insgabrielamistral.cat,`1*:tMmYaB,anna.navarrotorres@insgabrielamistral.cat,`1*:tMmYaB
Albert,Gomez Sanchez,DAM1,albert.gomezsanchez@insgabrielamistral.cat,JXKk'Gs*_5,albert.gomezsanchez@insgabrielamistral.cat,JXKk'Gs*_5
Joan,Prat Vidal,1rESO,joan.pratvidal@insgabrielamistral.cat,?H8[e!0uxh,joan.pratvidal@insgabrielamistral.cat,?H8[e!0uxh
David,Colom Morales,4rtESO,david.colommorales@insgabrielamistral.cat,L&v3U;+hTX,david.colommorales@insgabrielamistral.cat,L&v3U;+hTX
Laura,Bosch Colom,SMIX1A,laura.boschcolom@insgabrielamistral.cat,wN#h11TPU1,laura.boschcolom@insgabrielamistral.cat,wN#h11TPU1
Marc,Bosch López,3rESO,marc.boschlópez@insgabrielamistral.cat,;q}8`A%\-M,marc.boschlópez@insgabrielamistral.cat,;q}8`A%\-M
David,Ribas Torres,3rESO,david.ribastorres@insgabrielamistral.cat,_=N@7{a+68,david.ribastorres@insgabrielamistral.cat,_=N@7{a+68
Marc,Gomez Ferrer,SMIX1A,marc.gomezferrer@insgabrielamistral.cat,K{ua>s9xdH,marc.gomezferrer@insgabrielamistral.cat,K{ua>s9xdH
Sergi,Ferrer Martínez,4rtESO,sergi.ferrermartínez@insgabrielamistral.cat,W@BHJb~lxL,sergi.ferrermartínez@insgabrielamistral.cat,W@BHJb~lxL
Sandra,Morales Vidal,ASIX2,sandra.moralesvidal@insgabrielamistral.cat,37#sdM[d3X,sandra.moralesvidal@insgabrielamistral.cat,37#sdM[d3X
Albert,Vidal Navarro,DAM2,albert.vidalnavarro@insgabrielamistral.cat,"4~f""h%>X5{",albert.vidalnavarro@insgabrielamistral.cat,"4~f""h%>X5{"
Nuria,Prat Vidal,DAM2,nuria.pratvidal@insgabrielamistral.cat,Sg)L59N9|?,nuria.pratvidal@insgabrielamistral.cat,Sg)L59N9|?
Clara,Colom Vidal,SMIX1B,clara.colomvidal@insgabrielamistral.cat,Mx1%p>27Me,clara.colomvidal@insgabrielamistral.cat,Mx1%p>27Me
Mireia,Bosch Sanchez,4rtESO,mireia.boschsanchez@insgabrielamistral.cat,?DCb91x&n2,mireia.boschsanchez@insgabrielamistral.cat,?DCb91x&n2
David,Sanchez Ribas,DAM2,david.sanchezribas@insgabrielamistral.cat,Lga`3T)&Z*,david.sanchezribas@insgabrielamistral.cat,Lga`3T)&Z*
Carles,Navarro Martínez,ASIX2,carles.navarromartínez@insgabrielamistral.cat,Jf2{?}1)>.,carles.navarromartínez@insgabrielamistral.cat,Jf2{?}1)>.
Marc,Colom Costa,ASIX1,marc.colomcosta@insgabrielamistral.cat,{DCc3FI`w1,marc.colomcosta@insgabrielamistral.cat,{DCc3FI`w1
David,Torres Martínez,4rtESO,david.torresmartínez@insgabrielamistral.cat,1[Y+YC>u7j,david.torresmartínez@insgabrielamistral.cat,1[Y+YC>u7j
Nuria,Prat Martínez,SMIX1B,nuria.pratmartínez@insgabrielamistral.cat,3fKAit|ep2,nuria.pratmartínez@insgabrielamistral.cat,3fKAit|ep2
Josep,Gomez Ribas,DAM1,josep.gomezribas@insgabrielamistral.cat,2*mR+J=R8Z,josep.gomezribas@insgabrielamistral.cat,2*mR+J=R8Z
Sandra,Morales Colom,ASIX2,sandra.moralescolom@insgabrielamistral.cat,XK+$He{Xl3,sandra.moralescolom@insgabrielamistral.cat,XK+$He{Xl3
Maria,Navarro Gomez,4rtESO,maria.navarrogomez@insgabrielamistral.cat,-dGTU%$`g(,maria.navarrogomez@insgabrielamistral.cat,-dGTU%$`g(
